{
  "command": [
    {
      "name": "help",
      "actions": [
        {
          "name": "help menu",
          "category": "Message",
          "type": "Send Embed",
          "fields": [
            {
              "name": "!help",
              "value": "Shows this menu",
              "inline": "true"
            },
            {
              "name": "!info",
              "value": "Shows some info",
              "inline": "true"
            }
          ],
          "channelname": "${dbsVars.CommandChannel.id}",
          "color": "1FFF57",
          "title": "Help Menu",
          "url": "",
          "authorname": "Bot Name Here",
          "authorimageurl": "",
          "authorlink": "",
          "description": "This is the embed description, replace this with some info about your bot!",
          "thumbnail": "",
          "image": "",
          "footer": "",
          "timestamp": "false",
          "savetovariable": "",
          "savetovariabletype": "temp"
        }
      ]
    },
    {
      "name": "info",
      "actions": [
        {
          "name": "show info",
          "category": "Message",
          "type": "Send Message",
          "channelname": "${dbsVars.DefaultChannel.id}",
          "messagetext": "Command Author: ${dbsVars.CommandAuthor.displayName}\nTagged author: <@${dbsVars.CommandAuthor.id}>\nYou can insert more values by clicking the \"Insert Variable\" button next to this field!",
          "savetovariable": "",
          "savetovariabletype": "temp"
        }
      ]
    },
    {
      "name": "botmaker",
      "actions": [
        {
          "name": "mesa",
          "category": "Message",
          "type": "Send Message",
          "channelname": "884452062509805569",
          "messagetext": "https://cdn.discordapp.com/attachments/884661494984351768/884830809066979421/Discord.Bot.Maker.zip",
          "savetovariable": "",
          "savetovariabletype": "temp"
        }
      ]
    }
  ]
}