{
  "nodes": [
    {
      "type": "event",
      "name": "User Joins Server",
      "guid": "49ebbc23-2903-4f05-ab69-bc9ecb4f067e",
      "variables": {
        "user": "newuser"
      },
      "outputs": [
        {
          "label": "responses",
          "connections": [
            "385830ff-887a-4fe2-acf3-dfc222380b82"
          ]
        }
      ],
      "x": 99,
      "y": 100,
      "perms": []
    },
    {
      "type": "event",
      "name": "Any Message",
      "guid": "49ebbc23-2903-4f05-ab69-bc9ecb4f8888",
      "variables": {
        "user": "msguser"
      },
      "outputs": [
        {
          "label": "responses",
          "connections": []
        }
      ],
      "x": 101,
      "y": 499,
      "perms": []
    },
    {
      "type": "event",
      "name": "User Kicked",
      "guid": "69ebbc23-2903-4f05-ab69-bc9ecb4f067e",
      "variables": {
        "user": "kickuser"
      },
      "outputs": [
        {
          "label": "responses",
          "connections": []
        }
      ],
      "x": 99,
      "y": 250,
      "perms": []
    },
    {
      "type": "event",
      "name": "User Banned",
      "guid": "77ebbc23-2003-4f05-ab69-bc9ecb4f067e",
      "variables": {
        "user": "banuser"
      },
      "outputs": [
        {
          "label": "responses",
          "connections": []
        }
      ],
      "x": 100,
      "y": 375,
      "perms": []
    },
    {
      "type": "event",
      "name": "Bot Initialization",
      "guid": "0101bc23-2003-4f05-ab69-bc9ecb4f067e",
      "variables": {},
      "outputs": [
        {
          "label": "responses",
          "connections": []
        }
      ],
      "x": 100,
      "y": 625,
      "perms": []
    },
    {
      "type": "response",
      "name": "üzi",
      "guid": "385830ff-887a-4fe2-acf3-dfc222380b82",
      "embedfields": [],
      "outputs": [
        {
          "label": "next response",
          "connections": [
            "a1d7b8bb-6219-4950-a34e-c98787f048bc"
          ]
        }
      ],
      "inputs": [
        {
          "label": "trigger",
          "id": "49ebbc23-2903-4f05-ab69-bc9ecb4f067e"
        }
      ],
      "x": 303,
      "y": 121,
      "rtype": "Message",
      "rsubtype": "Send Message"
    },
    {
      "type": "response",
      "name": "a",
      "guid": "a1d7b8bb-6219-4950-a34e-c98787f048bc",
      "embedfields": [],
      "outputs": [
        {
          "label": "next response",
          "connections": []
        }
      ],
      "inputs": [
        {
          "label": "trigger",
          "id": "385830ff-887a-4fe2-acf3-dfc222380b82"
        }
      ],
      "x": 628,
      "y": 110,
      "rtype": "Message",
      "rsubtype": "Delete Message"
    }
  ]
}