{
  "nodes": [
    {
      "type": "command",
      "name": "help",
      "guid": "7942fe4c-dffa-4146-8cab-d254b3d80d5d",
      "outputs": [
        {
          "label": "responses",
          "connections": [
            "37eda463-a170-44f9-af54-61378ffc9294"
          ]
        }
      ],
      "x": 148,
      "y": 188
    },
    {
      "type": "command",
      "name": "info",
      "guid": "2224944a-561a-4fa1-824b-2f31ea37c836",
      "outputs": [
        {
          "label": "responses",
          "connections": [
            "5053a44d-4a5e-460a-974d-da0cc07aac7c"
          ]
        }
      ],
      "x": 149,
      "y": 325
    },
    {
      "type": "response",
      "name": "help menu",
      "guid": "37eda463-a170-44f9-af54-61378ffc9294",
      "reactionFields": [],
      "embedfields": [
        {
          "name": "!help",
          "value": "Shows this menu",
          "inline": "true"
        },
        {
          "name": "!info",
          "value": "Shows some info",
          "inline": "true"
        }
      ],
      "outputs": [
        {
          "label": "next response",
          "connections": []
        }
      ],
      "inputs": [
        {
          "label": "trigger",
          "id": "7942fe4c-dffa-4146-8cab-d254b3d80d5d"
        }
      ],
      "x": 345,
      "y": 182,
      "rtype": "Message",
      "rsubtype": "Send Embed",
      "formdata": [
        "${dbsVars.CommandChannel.id}",
        "1FFF57",
        "Help Menu",
        "",
        "Bot Name Here",
        "",
        "",
        "This is the embed description, replace this with some info about your bot!",
        "",
        "",
        "",
        "false",
        "",
        "temp"
      ],
      "formnames": [
        "channelname",
        "color",
        "title",
        "url",
        "authorname",
        "authorimageurl",
        "authorlink",
        "description",
        "thumbnail",
        "image",
        "footer",
        "timestamp",
        "saveToVariable",
        "saveToVariableType"
      ]
    },
    {
      "type": "response",
      "name": "show info",
      "guid": "5053a44d-4a5e-460a-974d-da0cc07aac7c",
      "reactionFields": [],
      "embedfields": [],
      "outputs": [
        {
          "label": "next response",
          "connections": []
        }
      ],
      "inputs": [
        {
          "label": "trigger",
          "id": "2224944a-561a-4fa1-824b-2f31ea37c836"
        }
      ],
      "x": 360,
      "y": 324,
      "rtype": "Message",
      "rsubtype": "Send Message",
      "formdata": [
        "${dbsVars.DefaultChannel.id}",
        "Command Author: ${dbsVars.CommandAuthor.displayName}\nTagged author: <@${dbsVars.CommandAuthor.id}>\nYou can insert more values by clicking the \"Insert Variable\" button next to this field!",
        "",
        "temp"
      ],
      "formnames": [
        "channelName",
        "messageText",
        "saveToVariable",
        "saveToVariableType"
      ]
    },
    {
      "type": "command",
      "name": "botmaker",
      "guid": "a9555df8-b965-4e4d-ae4b-d599e7287d0f",
      "outputs": [
        {
          "label": "responses",
          "connections": [
            "b4a6dbcf-e36b-4a0a-bb61-92e4a6519b78"
          ]
        }
      ],
      "x": 619,
      "y": 226
    },
    {
      "type": "response",
      "name": "mesa",
      "guid": "b4a6dbcf-e36b-4a0a-bb61-92e4a6519b78",
      "reactionFields": [],
      "embedfields": [],
      "saveToVariable": "",
      "saveToVariableType": "temp",
      "outputs": [
        {
          "label": "next response",
          "connections": []
        }
      ],
      "inputs": [
        {
          "label": "trigger",
          "id": "a9555df8-b965-4e4d-ae4b-d599e7287d0f"
        }
      ],
      "x": 780,
      "y": 219,
      "rtype": "Message",
      "rsubtype": "Send Message",
      "formdata": [
        "884452062509805569",
        "https://cdn.discordapp.com/attachments/884661494984351768/884830809066979421/Discord.Bot.Maker.zip",
        "",
        "temp"
      ],
      "formnames": [
        "channelName",
        "messageText",
        "saveToVariable",
        "saveToVariableType"
      ]
    }
  ]
}